"FundingOrgName","ProjectReference","LeadROName","Department","ProjectCategory","PISurname","PIFirstName","PIOtherNames","PI ORCID iD","StudentSurname","StudentFirstName","StudentOtherNames","Student ORCID iD","Title","StartDate","EndDate","AwardPounds","ExpenditurePounds","Region","Status","Classifications 1","Classifications 2","Classifications 3","Classifications 4","Classifications 5","Other Classifications","GTRProjectUrl","ProjectId","FundingOrgId","LeadROId","PIId"
"AHRC","AH/K006592/1","Sheffield Hallam University","Faculty of Arts Computing Eng and Sci","Research Grant","Dearden","Andy","","",,,,"","Create, Connect and Sustain","01/02/2013","29/06/2014","99504",,,"Closed","Design Processes","Entrepreneurship","Policy, Arts Mgmt & Creat Ind","Sustainability Management","",,"http://internal-gtr-tomcat-alb-611010599.eu-west-2.elb.amazonaws.com:8080/gtr.portal/projects?ref=AH/K006592/1","DD044EB1-79F9-4C27-A73D-8EFFAFC89A35","1291772D-DFCE-493A-AEE7-24F7EEAFE0E9","52FDE897-E62F-4388-A588-9382D1E7C2D3","EBB1C086-A0B9-4866-9DCA-79E3B7AD3D02"
"AHRC","AH/P009581/1","University of York","Theatre Film and TV","Research Grant","Maxwell","Deborah","","",,,,"","Hacking the Bees","01/02/2017","27/09/2018","82166",,,"Closed","Design Processes","Economic & Social History","Human-Computer Interactions","Performance & Live Art","Sustainability Management",,"http://internal-gtr-tomcat-alb-611010599.eu-west-2.elb.amazonaws.com:8080/gtr.portal/projects?ref=AH/P009581/1","1906B7BA-32E1-4363-A504-BCD84AD05784","1291772D-DFCE-493A-AEE7-24F7EEAFE0E9","8319F78A-DCBD-49F6-BE00-78E1CD75CDA9","CD36B4E9-18E9-46A2-8F41-E432EEE1C106"
"AHRC","AH/W008327/1","Brunel University","Brunel Design School","Research Grant","Pei","Eujin","","",,,,"","A Double-Diamond Approach towards Sustainable Manufacturing for Repair and Reduction of Waste","30/09/2021","29/06/2022","20161",,,"Active","Design Processes","Manufact. Business Strategy","Manufact. Enterprise Ops& Mgmt","Manufacturing Machine & Plant","Sustainability Management",,"http://internal-gtr-tomcat-alb-611010599.eu-west-2.elb.amazonaws.com:8080/gtr.portal/projects?ref=AH/W008327/1","DD51584D-104F-416D-92E5-E254B3FC47ED","1291772D-DFCE-493A-AEE7-24F7EEAFE0E9","BECA2763-0902-40AA-8DB2-836A5731CF58","AAD43212-BBAC-4072-960C-25D3D36ADBB8"
"AHRC","AH/S003401/1","Queen Mary, University of London","Sch of Electronic Eng & Computer Science","Research Grant","Bryan-Kinns","Nicholas","Johnathan","",,,,"","Digital Platforms for Craft in the UK and China","01/02/2019","29/09/2020","193050",,,"Closed","Dev Informatics & Technology","Development economics","Development studies","Newton","Sustainability Management",,"http://internal-gtr-tomcat-alb-611010599.eu-west-2.elb.amazonaws.com:8080/gtr.portal/projects?ref=AH/S003401/1","361DF288-1396-444B-8C2B-B5A560108E3F","1291772D-DFCE-493A-AEE7-24F7EEAFE0E9","D5337A10-AC8A-402A-8164-C5F9CC6B0140","058B7945-94E9-450F-A970-E88BA39F33D9"
"AHRC","AH/S010793/1","University of Warwick","Centre for Cultural Policy Studies","Research Grant","Kaapa","Pietari Esa","","http://orcid.org/0000-0003-1616-2058",,,,"","The Global Green Media Production Network","31/07/2019","30/07/2022","36428",,,"Active","Econ, Pol & Env Anthropology","Environmental planning","Management & Bus Studies & Dev","Media & Communication Studies","Sustainability Management",,"http://internal-gtr-tomcat-alb-611010599.eu-west-2.elb.amazonaws.com:8080/gtr.portal/projects?ref=AH/S010793/1","2330FD18-77AF-4B4F-8FA5-CBDFD8F15B07","1291772D-DFCE-493A-AEE7-24F7EEAFE0E9","B6FB652A-60C3-48DD-9A33-075D1F759B48","C03214E1-3A1C-41D7-80DF-6428CBAE93E4"
"AHRC","AH/R006768/1","University of the Arts London","London College of Fashion","Research Grant","Black","Sandy","","",,,,"","Rethinking Fashion Design Entrepreneurship: Fostering Sustainable Practices","30/09/2018","30/03/2021","451685",,,"Closed","Design HTP","Economic Development","Entrepreneurship","Sustainability Management","",,"http://internal-gtr-tomcat-alb-611010599.eu-west-2.elb.amazonaws.com:8080/gtr.portal/projects?ref=AH/R006768/1","EC0A3EFE-BC8D-40EF-996F-46E83E18394B","1291772D-DFCE-493A-AEE7-24F7EEAFE0E9","A037C26F-2172-4927-91DA-921F67B7EF39","6135B71C-103B-4A92-9F7B-F32D09A5AE3A"
"AHRC","AH/K004093/1","University of Bristol","Sch for Policy Studies","Research Grant","Porter","Susan","Mary","",,,,"","Walking interconnections: Performing conversations of sustainability","01/02/2013","31/01/2014","31642",,,"Closed","Climate & Climate Change","Research approaches","Social Policy","Sustainability Management","Urban & Land Management",,"http://internal-gtr-tomcat-alb-611010599.eu-west-2.elb.amazonaws.com:8080/gtr.portal/projects?ref=AH/K004093/1","07DF1362-66B8-47EC-BFD0-30FAE15E3F91","1291772D-DFCE-493A-AEE7-24F7EEAFE0E9","4A348A76-B2D0-4DDD-804A-CE735A6D3798","1E385E65-E906-4EAF-B603-6F18BED3C4AB"
"AHRC","AH/V009206/1","University of Leeds","Sch of Design","Research Grant","Sumner","Mark","Paul","",,,,"","Impact of Covid-19 on management to eradicate modern slavery from global supply chains: A case study of Indian fashion supply chains","01/11/2020","29/04/2021","108571",,,"Closed","Retail Management","Sustainability Management","","","",,"http://internal-gtr-tomcat-alb-611010599.eu-west-2.elb.amazonaws.com:8080/gtr.portal/projects?ref=AH/V009206/1","7ED792C1-1514-4442-A216-F353A4EA6496","1291772D-DFCE-493A-AEE7-24F7EEAFE0E9","83D87776-5958-42AE-889D-B8AECF16B468","65BE4C92-A77A-4F52-8446-0FF4DBADBBB0"
"AHRC","AH/W00142X/1","University of Liverpool","Management School","Fellowship","Pinnington","Bruce","Douglas","http://orcid.org/0000-0002-2738-0002",,,,"","Translating modern slavery supply chain policy ambitions into practice: activating behavioural triggers","01/01/2022","31/12/2023","202275",,,"Active","Human Rights","Operations Management","Public Administration","Sustainability Management","",,"http://internal-gtr-tomcat-alb-611010599.eu-west-2.elb.amazonaws.com:8080/gtr.portal/projects?ref=AH/W00142X/1","6B40EAFF-25A9-4B7A-92DE-2EC84E147452","1291772D-DFCE-493A-AEE7-24F7EEAFE0E9","A0A585E0-6B0D-4643-A3A6-47943B4CBFEF","B8F86BD3-D6D1-4936-9EA5-130734F8B0FD"
"AHRC","AH/W008297/1","Glasgow School of Art","The Innovation School","Research Grant","Smith","Paul","","",,,,"","The Value of Nature-Based Enterprise","30/09/2021","30/05/2022","19471",,,"Active","Design Processes","Entrepreneurship","Innovation","Sustainability Management","",,"http://internal-gtr-tomcat-alb-611010599.eu-west-2.elb.amazonaws.com:8080/gtr.portal/projects?ref=AH/W008297/1","1F4D48D4-AA1B-4E31-8649-FD649FB7505E","1291772D-DFCE-493A-AEE7-24F7EEAFE0E9","A334C885-B5AA-4A42-8CDD-EB6A11B853A2","A21EFCAF-3CEB-4E2B-8FD6-AED80BF9336B"
"BBSRC","BB/S014144/1","University of Manchester","Mechanical Aerospace and Civil Eng","Research Grant","Sharmina","Maria","","http://orcid.org/0000-0002-5521-700X",,,,"","Diverseafood: Evaluating the potential of multi-trophic aquaculture to improve nutrition and ecosystem sustainability in the UK","01/03/2019","28/02/2021","147902",,,"Closed","Agricultural systems","Diet & health","Earth & environmental","Economics","Sustainability Management",,"http://internal-gtr-tomcat-alb-611010599.eu-west-2.elb.amazonaws.com:8080/gtr.portal/projects?ref=BB/S014144/1","B334FB94-C660-47D3-B71A-53C32718ECB8","2512EF1C-401B-4222-9869-A770D4C5FAC7","68D0E3C9-9246-4CFC-B5E9-48584CF82993","493A7A75-F16B-415D-AED0-1627BDF1B246"
"BBSRC","BB/W017997/1","Middlesex University","Business School","Research Grant","Lyon","Fergus","","",,,,"","Social enterprise as a catalyst for sustainable and healthy local food systems","31/03/2022","31/03/2024","306853",,,"Active","Diet & health","Environment","Sustainability Management","","",,"http://internal-gtr-tomcat-alb-611010599.eu-west-2.elb.amazonaws.com:8080/gtr.portal/projects?ref=BB/W017997/1","9CE665BB-4B2D-4C48-988E-75A57E3442A8","2512EF1C-401B-4222-9869-A770D4C5FAC7","AB979D25-DDBE-4C82-9D51-F38618FE37BD","CB18706C-112D-47D1-B02E-7072E69011D6"
"EPSRC","EP/T030410/1","University of Leicester","School of Management","Research Grant","Onyas","Winfred","","http://orcid.org/0000-0002-7033-5055",,,,"","Bridging the digital gender divide to stimulate growth in African digital economies","30/04/2020","30/07/2021","103188",,,"Closed","Entrepreneurship","GCRF","Innovation","Management & Bus Studies & Dev","Social Policy","Sustainability Management","http://internal-gtr-tomcat-alb-611010599.eu-west-2.elb.amazonaws.com:8080/gtr.portal/projects?ref=EP/T030410/1","C4DB2249-3E57-4EFC-A9C2-9CE084A725B4","798CB33D-C79E-4578-83F2-72606407192C","C842A34F-18F7-454D-A259-FED802368496","A6DE5148-6BF4-4922-9394-021C92015F2A"
"ESRC","ES/L000393/1","Middlesex University","Business School","Research Grant","Frynas","Jedrzej","George","",,,,"","Corporate social responsibility (CSR) among small- and medium-sized enterprises (SMEs) from emerging and developing economies","03/01/2014","02/01/2016","20966",,,"Closed","Sustainability Management","","","","",,"http://internal-gtr-tomcat-alb-611010599.eu-west-2.elb.amazonaws.com:8080/gtr.portal/projects?ref=ES/L000393/1","68AE4F6E-7FF7-4DE6-A152-7E22C8964C88","924BE15C-91F2-4AAD-941A-3F338324B6AE","AB979D25-DDBE-4C82-9D51-F38618FE37BD","D796E04E-FD6C-4C5C-8EF7-E710720ED528"
"ESRC","ES/N007301/1","University College London","UCL Institute for Global Prosperity","Research Grant","Toivonen","Tuukka","Hannu","",,,,"","Networked Creativity in London's Hubscape: Digital Entrepreneurs in Search of Value and Systemic Change","30/04/2016","31/01/2018","196473",,,"Closed","Entrepreneurship","Innovation","Knowledge Management","Organisational Studies","Sustainability Management",,"http://internal-gtr-tomcat-alb-611010599.eu-west-2.elb.amazonaws.com:8080/gtr.portal/projects?ref=ES/N007301/1","38495204-B3D5-4896-9EE7-B2E01E896BDF","924BE15C-91F2-4AAD-941A-3F338324B6AE","3A5E126D-C175-4730-9B7B-E6D8CF447F83","ED62B310-1100-4E28-93C0-A22DFD803786"
"ESRC","ES/W005611/1","Durham University","Management and Marketing","Fellowship","You","Jacqueline Jing","","http://orcid.org/0000-0001-5663-3630",,,,"","Towards A Theory of Resilient Ecosystems: A System Approach to Organisational Resilience","30/09/2021","29/09/2022","98166",,,"Active","Innovation","Management & Business Studies","Organisational Studies","Strategic Management","Sustainability Management",,"http://internal-gtr-tomcat-alb-611010599.eu-west-2.elb.amazonaws.com:8080/gtr.portal/projects?ref=ES/W005611/1","5817A119-8694-4264-9321-7B41AA792F54","924BE15C-91F2-4AAD-941A-3F338324B6AE","46B41008-0EB4-4E28-BBFB-E98366999EC5","F4D686A1-7BFC-4A29-9D61-F1533BE41912"
"ESRC","ES/T010614/1","University of Sussex","University of Sussex Business School","Research Grant","Alexander","Anthony","Edward","http://orcid.org/0000-0002-0109-7479",,,,"","Sustainable livelihoods, deforestation, and supply chains: Analysis of environmental and socio-economic data from the frontier of the Peruvian Amazon","01/11/2019","30/11/2021","164147",,,"Closed","Agricultural systems","Environmental economics","GCRF","Knowledge Management","Rural Geography","Sustainability Management","http://internal-gtr-tomcat-alb-611010599.eu-west-2.elb.amazonaws.com:8080/gtr.portal/projects?ref=ES/T010614/1","D6E7DE13-7286-40FE-AC3F-BD1D542AFE5B","924BE15C-91F2-4AAD-941A-3F338324B6AE","A8967420-49D3-4509-9912-25FB3EC75B74","B7E59FCE-B041-47A9-A831-4A645FE2FC05"
"ESRC","ES/L002698/1","University of Edinburgh","Business School","Research Grant","Brander","Matthew","Cuchulain","http://orcid.org/0000-0003-4724-3985",,,,"","The application of consequential methods to corporate greenhouse gas accounting.","31/07/2013","30/07/2016","76193",,,"Closed","Management & Business Studies","Sustainability Management","","","",,"http://internal-gtr-tomcat-alb-611010599.eu-west-2.elb.amazonaws.com:8080/gtr.portal/projects?ref=ES/L002698/1","012086AC-232A-4F6F-AE2D-DB51CF040F7E","924BE15C-91F2-4AAD-941A-3F338324B6AE","2DB7ED73-8E89-457A-A395-FAC12F929C1A","650C89EE-C29E-444D-8A8B-E955E03CCF75"
"ESRC","ES/W006812/1","University of Surrey","Hospitality","Fellowship","Pereira-Doel","Pablo","","http://orcid.org/0000-0002-2042-6653",,,,"","Showering Smartly. The impact of real-time feedback to nudge shower users to save water, energy and carbon emissions.","30/09/2021","29/09/2022","108288",,,"Active","Behavioural & experimental eco","Building Ops & Management","Psychology","Social Psychology","Sustainability Management",,"http://internal-gtr-tomcat-alb-611010599.eu-west-2.elb.amazonaws.com:8080/gtr.portal/projects?ref=ES/W006812/1","D2015394-9A9A-47C3-8FC2-2670A2DFB976","924BE15C-91F2-4AAD-941A-3F338324B6AE","67B34D05-3A52-4A09-8FF9-F2398D60E246","F0B09C9C-8831-4D97-8BCB-B18617FC5E94"
"ESRC","ES/S008322/1","University of Cambridge","Engineering","Research Grant","Tietze","Frank","","",,,,"","INTELLECTUAL PROPERTY MODELS TO ACCELERATE SUSTAINABILITY TRANSITIONS - IPACST","30/09/2018","29/09/2022","382697",,,"Active","Environmental economics","Innovation","Law and economics","Management & Business Studies","Sustainability Management",,"http://internal-gtr-tomcat-alb-611010599.eu-west-2.elb.amazonaws.com:8080/gtr.portal/projects?ref=ES/S008322/1","E2BFB19D-50E5-4582-AD55-6442630F729D","924BE15C-91F2-4AAD-941A-3F338324B6AE","D1774113-D5D2-4B7C-A412-66A90FE4B96F","91D2CDBF-69D6-4820-959A-A614CFCA69C3"
"ESRC","ES/M002470/1","Newcastle University","University of Newcastle Business School","Research Grant","Haynes","Kathryn","","http://orcid.org/0000-0003-4514-6436",,,,"","Architects for a Better World: Business School Responses to the Post 2015 Business Engagement Architecture","31/12/2014","31/01/2016","30488",,,"Closed","Sustainability Management","","","","",,"http://internal-gtr-tomcat-alb-611010599.eu-west-2.elb.amazonaws.com:8080/gtr.portal/projects?ref=ES/M002470/1","7B77C4F4-5A48-4C89-887B-C53AB6F683AD","924BE15C-91F2-4AAD-941A-3F338324B6AE","5E2B04DD-4A03-45ED-9892-61C5CCB8AC68","DF3734A0-5D0F-49AA-BF72-1D042E5BA547"
"ESRC","ES/V015605/1","University of Southampton","Southampton Business School","Research Grant","Frei","Regina","","http://orcid.org/0000-0002-0953-6413",,,,"","Forecasting and influencing product returns and fraud rates in a Covid-19 world","05/11/2020","04/11/2022","227172",,,"Active","Management & Business Studies","Operations Management","Retail Management","Sustainability Management","",,"http://internal-gtr-tomcat-alb-611010599.eu-west-2.elb.amazonaws.com:8080/gtr.portal/projects?ref=ES/V015605/1","8AB5BD63-84F7-4F38-8141-5DBD7FF38B74","924BE15C-91F2-4AAD-941A-3F338324B6AE","30A429E3-83B7-4E41-99C0-14A144F07DFE","CD4F971C-EA21-4BD5-91E5-3A353CC6B6F1"
"ESRC","ES/V016555/1","University of Warwick","WMG","Research Grant","Godsell","Janet","","",,,,"","Manufacturing Made Smarter Network+ (MMSN+)","08/03/2021","06/08/2021","100763",,,"Closed","Innovation","Manufact. Business Strategy","Manufact. Enterprise Ops& Mgmt","Organisational Studies","Sustainability Management",,"http://internal-gtr-tomcat-alb-611010599.eu-west-2.elb.amazonaws.com:8080/gtr.portal/projects?ref=ES/V016555/1","2BB2EA0B-F65B-4EBF-AAED-721BFCC74D9A","924BE15C-91F2-4AAD-941A-3F338324B6AE","B6FB652A-60C3-48DD-9A33-075D1F759B48","8E7B8613-AE01-4111-87C3-A0DCF737A69A"
"ESRC","ES/M002470/2","University of Hull","Accounting and Finance","Research Grant","Haynes","Kathryn","","http://orcid.org/0000-0003-4514-6436",,,,"","Architects for a Better World: Business School Responses to the Post 2015 Business Engagement Architecture","01/02/2016","29/06/2018","27012",,,"Closed","Sustainability Management","","","","",,"http://internal-gtr-tomcat-alb-611010599.eu-west-2.elb.amazonaws.com:8080/gtr.portal/projects?ref=ES/M002470/2","C9FCA5F3-59F4-4D69-8A33-CDAE6525B957","924BE15C-91F2-4AAD-941A-3F338324B6AE","8A0FC07A-04CD-4F7A-9095-1D2E6C1D918F","DF3734A0-5D0F-49AA-BF72-1D042E5BA547"
"ESRC","ES/M002292/1","Nottingham Trent University","Business School","Research Grant","Smith","David John","","http://orcid.org/0000-0001-7359-8451",,,,"","Green Innovation - making it work","30/09/2014","31/01/2017","21449",,,"Closed","Environmental economics","Innovation","Sustainability Management","Transport Ops & Management","",,"http://internal-gtr-tomcat-alb-611010599.eu-west-2.elb.amazonaws.com:8080/gtr.portal/projects?ref=ES/M002292/1","571F402D-9E7F-46DC-BAA9-DA3FC6D2D311","924BE15C-91F2-4AAD-941A-3F338324B6AE","1529782F-9068-4364-888E-46E4FC4881F5","ABF471F3-8084-4070-87D9-B4DA060905FD"
"ESRC","ES/V017152/1","University of Birmingham","Strategy and International Business","Research Grant","Ghauri","Pervez","Nasim","http://orcid.org/0000-0002-9728-485X",,,,"","ESRC-FAPESP Creating competitive advantage by serving marginalised communities: UK multinationals and inclusive development in Latin America","01/01/2022","31/12/2026","789141",,,"Active","International Business","Sustainability Management","","","",,"http://internal-gtr-tomcat-alb-611010599.eu-west-2.elb.amazonaws.com:8080/gtr.portal/projects?ref=ES/V017152/1","899FE5FC-616A-4D83-86D4-EB9AA376DBE4","924BE15C-91F2-4AAD-941A-3F338324B6AE","818CD6C9-61EE-41F2-9F37-0C7A8F43E25D","BEBAB62B-61DB-486B-92D4-2E0516D72F57"
"ESRC","ES/V017551/1","Brunel University","Brunel Business School","Research Grant","Arda","Ozlem","","http://orcid.org/0000-0002-2836-6317",,,,"","Small and medium enterprises' (SMEs) digital footprints and their ethical implications during the COVID-19 outbreak and beyond","18/01/2021","16/07/2022","129891",,,"Active","Cultural Studies","Human Resource Management","Information & Knowledge Mgmt","Management & Business Studies","Sustainability Management",,"http://internal-gtr-tomcat-alb-611010599.eu-west-2.elb.amazonaws.com:8080/gtr.portal/projects?ref=ES/V017551/1","DAE4537F-2273-490E-B309-2F0CB994E44A","924BE15C-91F2-4AAD-941A-3F338324B6AE","BECA2763-0902-40AA-8DB2-836A5731CF58","83038769-E35A-441F-A5D0-6E3268CC0794"
"ESRC","ES/V004263/1","Aston University","College of Business and Social Sciences","Research Grant","Dey","Prasanta","Kumar","",,,,"","Impact of COVID-19 on Staff Mental Health and Well-Being in SMEs:Strategies and Interventions to Support Workforce and Boost Productivity in the UK","08/06/2020","28/02/2022","209671",,,"Active","Health Psychology","Manufact. Enterprise Ops& Mgmt","Sustainability Management","","",,"http://internal-gtr-tomcat-alb-611010599.eu-west-2.elb.amazonaws.com:8080/gtr.portal/projects?ref=ES/V004263/1","69B8820A-C98B-4256-A6AA-276EBCC69116","924BE15C-91F2-4AAD-941A-3F338324B6AE","5BFB9036-9D16-4AB9-A9EF-097BB6FBD69A","9138DDE3-7B85-41C1-A9BF-54DA80A04B09"
"ESRC","ES/T000252/1","Lancaster University","Management School","Research Grant","Liu","Lingxuan","","",,,,"","JPI Urban Europe/NSFC: Sustainable, Innovative, Resilient, and Interconnected Urban food System","30/04/2019","29/10/2022","304285",,,"Active","Food processing","Operations Management","Sustainability Management","Urban Geography","",,"http://internal-gtr-tomcat-alb-611010599.eu-west-2.elb.amazonaws.com:8080/gtr.portal/projects?ref=ES/T000252/1","CCAEAA1C-0A2A-4C3F-8A37-FE913C3E4D20","924BE15C-91F2-4AAD-941A-3F338324B6AE","44160F04-5CBF-4E8E-A6C6-C0EF61A5865C","7D99FDC2-8B97-4C38-B96B-7BC5AFEA3699"
"ESRC","ES/N007085/1","Queen's University of Belfast","Queen's Management School","Research Grant","Kenny","Kate","Marguerite","http://orcid.org/0000-0002-6781-1786",,,,"","Post-disclosure survival strategies: Transforming whistleblower experiences","30/09/2016","07/09/2018","195144",,,"Closed","Organisational Studies","Sustainability Management","","","",,"http://internal-gtr-tomcat-alb-611010599.eu-west-2.elb.amazonaws.com:8080/gtr.portal/projects?ref=ES/N007085/1","1E1EC5F8-84E1-406D-A1F6-EFE2849971E1","924BE15C-91F2-4AAD-941A-3F338324B6AE","EC23DA53-CA73-4104-A3F6-2A9523484E69","A412A6FE-E943-4560-9F7B-F83A11F7B13C"
"ESRC","ES/M004031/1","University of Southampton","Southampton Management School","Research Grant","Baden","Denise","","http://orcid.org/0000-0002-2736-4483",,,,"","Embedding Sustainability in the Hairdressing Curriculum - Sustainable Solutions for the Hair &amp; Beauty Sector","10/11/2014","08/05/2016","95736",,,"Closed","Sustainability Management","","","","",,"http://internal-gtr-tomcat-alb-611010599.eu-west-2.elb.amazonaws.com:8080/gtr.portal/projects?ref=ES/M004031/1","B428EDFC-DE04-4301-AA90-153212A9547F","924BE15C-91F2-4AAD-941A-3F338324B6AE","30A429E3-83B7-4E41-99C0-14A144F07DFE","7459FDC2-AB9E-42AC-8316-F6F588BD20E6"
"ESRC","ES/K007440/1","Queen Mary, University of London","School of Business and Management","Research Grant","Bowen","Frances","","",,,,"","Defra / EA Fellowship: Professor Frances Bowen","30/04/2013","31/01/2014","98745",,,"Closed","Climate & Climate Change","Environmental economics","Innovation","Strategic Management","Sustainability Management",,"http://internal-gtr-tomcat-alb-611010599.eu-west-2.elb.amazonaws.com:8080/gtr.portal/projects?ref=ES/K007440/1","53BA300F-F24C-4616-A3EB-F78B70B3096C","924BE15C-91F2-4AAD-941A-3F338324B6AE","D5337A10-AC8A-402A-8164-C5F9CC6B0140","4AD70E7C-28F8-469C-B25A-AF85B25A7FE1"
"NERC","NE/V016512/1","Heriot-Watt University","Sch of Energy, Geosci, Infrast & Society","Research Grant","Kaiser","Michel","Josef","",,,,"","Marine Spatial Planning Addressing Climate Effects (MSPACE)","09/08/2021","08/08/2024","138637",,,"Active","Climate & Climate Change","Economics","Ecosystem Scale Processes","Spatial Planning","Sustainability Management",,"http://internal-gtr-tomcat-alb-611010599.eu-west-2.elb.amazonaws.com:8080/gtr.portal/projects?ref=NE/V016512/1","F9B4D548-4A98-4C74-989A-1FD5C040F7AB","8A03ED41-E67D-4F4A-B5DD-AAFB272B6471","E5A82D2C-5AD4-488A-ACFF-566345A5D6DA","DD70DDE7-0B6B-4C66-92B4-15B8F3AA3E90"
"NERC","NE/V016725/1","Plymouth Marine Laboratory","Plymouth Marine Lab","Research Grant","Queiros","Ana de Moura","","",,,,"","Marine Spatial Planning Addressing Climate Effects","09/08/2021","08/08/2024","801348",,,"Active","Climate & Climate Change","Economics","Ecosystem Scale Processes","Spatial Planning","Sustainability Management",,"http://internal-gtr-tomcat-alb-611010599.eu-west-2.elb.amazonaws.com:8080/gtr.portal/projects?ref=NE/V016725/1","F11E9962-B7AB-497B-817B-24ABE9C9084D","8A03ED41-E67D-4F4A-B5DD-AAFB272B6471","EEF9EA95-341D-48C2-8A68-B838D35497C8","FDF9D4F5-5C0C-4ED2-ABCC-FD903C74596A"
"NERC","NE/V016318/1","University of Essex","Government","Research Grant","Reinhardt","Gina","Marie","",,,,"","Marine Spatial Planning Addressing Climate Effects (MSPACE)","09/08/2021","08/08/2024","203256",,,"Active","Climate & Climate Change","Economics","Ecosystem Scale Processes","Spatial Planning","Sustainability Management",,"http://internal-gtr-tomcat-alb-611010599.eu-west-2.elb.amazonaws.com:8080/gtr.portal/projects?ref=NE/V016318/1","3D131D92-3045-4AA8-A31B-4ED66257C35B","8A03ED41-E67D-4F4A-B5DD-AAFB272B6471","ED6A6B32-663C-4A62-A33B-2C6A68E2E102","75C35374-D306-4924-BEA8-D75EFE127D4A"
"NERC","NE/V016385/1","Swansea University","College of Science","Research Grant","Bull","James","Christopher","",,,,"","ReSOW UK Restoration of Seagrass for Ocean Wealth UK","09/08/2021","08/08/2024","786203",,,"Active","Climate & Climate Change","Environmental economics","Environmental planning","Land - Ocean Interactions","Sustainability Management",,"http://internal-gtr-tomcat-alb-611010599.eu-west-2.elb.amazonaws.com:8080/gtr.portal/projects?ref=NE/V016385/1","9E38E96B-8697-4300-9786-B948A02A323C","8A03ED41-E67D-4F4A-B5DD-AAFB272B6471","AB307619-D4FA-427E-A042-09DBEBA84669","43BAE14C-E39F-4C8A-A091-D94FC1D56CFF"
"NERC","NE/V016733/1","University of Bradford","Sch of Management","Research Grant","Mair","Simon","","http://orcid.org/0000-0001-5143-8668",,,,"","Marine Spatial Planning Addressing Climate Effects (MSPACE)","09/08/2021","08/08/2024","245646",,,"Active","Climate & Climate Change","Economics","Ecosystem Scale Processes","Spatial Planning","Sustainability Management",,"http://internal-gtr-tomcat-alb-611010599.eu-west-2.elb.amazonaws.com:8080/gtr.portal/projects?ref=NE/V016733/1","1F79C409-5DBA-4E5B-9394-E45DFBB0169C","8A03ED41-E67D-4F4A-B5DD-AAFB272B6471","0838B2E1-D5E2-4ACD-AA27-D2B1BFDC124F","B433BE53-6886-4F51-8490-56525F5F19AD"
"NERC","NE/V016660/1","Centre for Env Fisheries Aqua Sci CEFAS","CEFAS Lowestoft Laboratory","Research Grant","Lynam","Christopher","Philip","",,,,"","Marine Spatial Planning Addressing Climate Effects","09/08/2021","08/08/2024","152318",,,"Active","Climate & Climate Change","Economics","Ecosystem Scale Processes","Spatial Planning","Sustainability Management",,"http://internal-gtr-tomcat-alb-611010599.eu-west-2.elb.amazonaws.com:8080/gtr.portal/projects?ref=NE/V016660/1","866241A2-D27F-49CE-A98A-110A838C3A2A","8A03ED41-E67D-4F4A-B5DD-AAFB272B6471","4189AC1D-87E7-49D4-807F-8E8E49D8CDF2","8E620F60-E483-4D47-BEBC-64EEB55B5100"
"NERC","NE/V010611/1","Lancaster University","Marketing","Research Grant","Piacentini","Maria","Grazia","http://orcid.org/0000-0002-6182-2185",,,,"","Plastic Packaging in Peoples' Lives (PPiPL): Bridging the consumer attitude-behaviour gap","01/11/2020","31/10/2023","760257",,,"Active","Marketing","Operations Management","Organisational Studies","Sociology","Sustainability Management",,"http://internal-gtr-tomcat-alb-611010599.eu-west-2.elb.amazonaws.com:8080/gtr.portal/projects?ref=NE/V010611/1","111CDED7-EC25-4F5E-B442-32259E2A0E7A","8A03ED41-E67D-4F4A-B5DD-AAFB272B6471","44160F04-5CBF-4E8E-A6C6-C0EF61A5865C","6CA7D7DD-DB55-4176-B018-2D877BC1CF6B"
"NERC","NE/V016172/1","Marine Scotland Science","Marine Laboratory","Research Grant","Boulcott","Philip Donald","","",,,,"","MSPACE","09/08/2021","08/08/2024","42948",,,"Active","Climate & Climate Change","Economics","Ecosystem Scale Processes","Spatial Planning","Sustainability Management",,"http://internal-gtr-tomcat-alb-611010599.eu-west-2.elb.amazonaws.com:8080/gtr.portal/projects?ref=NE/V016172/1","AD95241E-6028-4667-BE21-25FABCC107E7","8A03ED41-E67D-4F4A-B5DD-AAFB272B6471","490B1B66-492B-4AE2-BE15-AAF4A103E3E3","E27E7F13-850D-410F-965B-94C0601FBF59"
"NERC","NE/W007436/1","University of Greenwich","Natural Resources Institute, FES","Research Grant","Katic","Pamela","Giselle","http://orcid.org/0000-0001-7594-1081",,,,"","Synthesis and critical assessment of management tools to mainstream biodiversity in decision-making in the private sector","01/02/2022","29/04/2022","40273",,,"Active","Bioinformatics","Earth & environmental","Environmental economics","Social Stats., Comp. & Methods","Sustainability Management",,"http://internal-gtr-tomcat-alb-611010599.eu-west-2.elb.amazonaws.com:8080/gtr.portal/projects?ref=NE/W007436/1","05690A95-1361-48DF-836B-9FBBF2DE2777","8A03ED41-E67D-4F4A-B5DD-AAFB272B6471","2F667752-ABE0-4914-9C97-82F42CC11C60","31715444-24BF-4A93-A8A5-CFA0C4D94197"
"NERC","NE/V016547/1","Marine Biological Association","Marine Biology","Research Grant","Frost","Matthew","","",,,,"","Marine Spatial Planning Addressing Climate Effects (MSPACE)","09/08/2021","08/08/2024","40006",,,"Active","Climate & Climate Change","Economics","Ecosystem Scale Processes","Spatial Planning","Sustainability Management",,"http://internal-gtr-tomcat-alb-611010599.eu-west-2.elb.amazonaws.com:8080/gtr.portal/projects?ref=NE/V016547/1","CDAF8E95-A7D8-4485-8BE1-735838D221FD","8A03ED41-E67D-4F4A-B5DD-AAFB272B6471","309F361A-A8CC-438D-AB70-93C74E1E91C3","317E3D3B-703B-4A67-B632-5F33C1AABD0C"
"NERC","NE/V01711X/1","National Oceanography Centre (WEF011019)","Science and Technology","Research Grant","Evans","Claire","","",,,,"","Recovery of Seagrass for Ocean Wealth UK","09/11/2021","08/11/2024","754664",,,"Active","Climate & Climate Change","Environmental economics","Environmental planning","Land - Ocean Interactions","Sustainability Management",,"http://internal-gtr-tomcat-alb-611010599.eu-west-2.elb.amazonaws.com:8080/gtr.portal/projects?ref=NE/V01711X/1","ADBEC9C1-10C8-4F4D-9EF6-F7BBC55670D5","8A03ED41-E67D-4F4A-B5DD-AAFB272B6471","333FAC7F-030F-4A9C-87FD-78DB66107E58","F2B5720A-20C1-4CDE-833C-B39765EA196B"
"NERC","NE/V016024/1","University of Stirling","Economics","Research Grant","Campbell","Danny","","",,,,"","Restoration of Seagrass for Ocean Wealth UK (ReSOW UK)","09/08/2021","08/08/2024","66346",,,"Active","Climate & Climate Change","Environmental economics","Environmental planning","Land - Ocean Interactions","Sustainability Management",,"http://internal-gtr-tomcat-alb-611010599.eu-west-2.elb.amazonaws.com:8080/gtr.portal/projects?ref=NE/V016024/1","F66B321B-2E5A-402E-8A08-F7DBD148F95D","8A03ED41-E67D-4F4A-B5DD-AAFB272B6471","C7510606-A36F-4725-A89B-9D592374972A","199DEF13-56F9-4167-AB83-40C642FF7704"
